{
  "v": "5.5.7",
  "fr": 29.9700012207031,
  "ip": 0,
  "op": 60,
  "w": 512,
  "h": 512,
  "nm": "Confetti Hearts",
  "ddd": 0,
  "assets": [],
  "layers": [
    {
      "ddd": 0,
      "ind": 1,
      "ty": 4,
      "nm": "Heart Confetti",
      "sr": 1,
      "ks": {
        "o": { "a": 0, "k": 100 },
        "r": { "a": 0, "k": 0 },
        "p": { "a": 0, "k": [256, 256, 0] },
        "a": { "a": 0, "k": [0, 0, 0] },
        "s": { "a": 0, "k": [100, 100, 100] }
      },
      "shapes": [
        {
          "ty": "gr",
          "it": [
            {
              "ty": "rc",
              "p": { "a": 0, "k": [0, 0] },
              "s": { "a": 0, "k": [200, 200] },
              "r": { "a": 0, "k": 50 },
              "nm": "Rounded Rect"
            },
            {
              "ty": "fl",
              "c": { "a": 0, "k": [1, 0.5, 0.7, 1] },
              "o": { "a": 0, "k": 100 },
              "r": 1,
              "nm": "Fill"
            },
            { "ty": "tr", "p": [0, 0], "a": [0, 0], "s": [100, 100], "r": 0, "o": 100, "sk": 0, "sa": 0 }
          ],
          "nm": "Heart Shape"
        }
      ],
      "ip": 0,
      "op": 60,
      "st": 0,
      "bm": 0
    }
  ]
}